,Barcode,trueType_x,trueType_y
0,AAACCTGAGACCACGA-1,1,CD8+ T cells
1,AAACCTGAGTCGAGTG-1,2,B cells
2,AAACCTGCAGTCGTGC-1,3,CD4+ T cells
3,AAACCTGGTGTTTGTG-1,1,CD8+ T cells
4,AAACCTGTCACCAGGC-1,3,CD4+ T cells
5,AAACGGGCAGGCTCAC-1,1,CD8+ T cells
6,AAACGGGGTCTAGTCA-1,3,CD4+ T cells
7,AAAGATGAGCGTTGCC-1,3,CD4+ T cells
8,AAAGATGCAGTGACAG-1,5,CD14+ monocytes
9,AAAGCAACACAAGCCC-1,3,CD4+ T cells
10,AAAGCAACACCTTGTC-1,5,CD14+ monocytes
11,AAAGCAATCGGTGTCG-1,1,CD8+ T cells
12,AAAGTAGAGCTTTGGT-1,3,CD4+ T cells
13,AAAGTAGAGTTTAGGA-1,1,CD8+ T cells
14,AAAGTAGCATCCGGGT-1,3,CD4+ T cells
15,AAAGTAGCATGCAATC-1,3,CD4+ T cells
16,AAAGTAGGTATATCCG-1,3,CD4+ T cells
17,AAATGCCGTCCTCTTG-1,5,CD14+ monocytes
18,AACACGTAGACGCACA-1,6,NK cells
19,AACACGTGTCGCCATG-1,3,CD4+ T cells
20,AACACGTTCCTCATTA-1,6,NK cells
21,AACCATGGTACTCTCC-1,5,CD14+ monocytes
22,AACCATGGTCGGCATC-1,3,CD4+ T cells
23,AACCATGGTGCGGTAA-1,3,CD4+ T cells
24,AACCGCGTCAACACAC-1,3,CD4+ T cells
25,AACCGCGTCTACCTGC-1,6,NK cells
26,AACCGCGTCTCACATT-1,2,B cells
27,AACGTTGTCCAATGGT-1,3,CD4+ T cells
28,AACTCAGCAGTCTTCC-1,3,CD4+ T cells
29,AACTCAGCATTAGCCA-1,3,CD4+ T cells
30,AACTCAGGTTAGATGA-1,1,CD8+ T cells
31,AACTCTTCACCAGCAC-1,3,CD4+ T cells
32,AACTCTTCACCAGGTC-1,5,CD14+ monocytes
33,AACTCTTCAGATGGCA-1,1,CD8+ T cells
34,AACTCTTTCAGTGCAT-1,3,CD4+ T cells
35,AACTCTTTCTGATTCT-1,3,CD4+ T cells
36,AACTGGTAGAGAGCTC-1,2,B cells
37,AACTGGTAGGCTCATT-1,3,CD4+ T cells
38,AACTTTCAGGTAGCCA-1,2,B cells
39,AACTTTCAGGTGCTAG-1,3,CD4+ T cells
40,AACTTTCCACCAGATT-1,3,CD4+ T cells
41,AACTTTCCACCTCGGA-1,5,CD14+ monocytes
42,AAGACCTCACGGCCAT-1,3,CD4+ T cells
43,AAGACCTCAGCTCGAC-1,6,NK cells
44,AAGACCTGTTAGAACA-1,6,NK cells
45,AAGCCGCAGGATGTAT-1,5,CD14+ monocytes
46,AAGCCGCAGGTCATCT-1,5,CD14+ monocytes
47,AAGCCGCAGTACTTGC-1,1,CD8+ T cells
48,AAGCCGCCAATGAATG-1,3,CD4+ T cells
49,AAGCCGCTCACTGGGC-1,3,CD4+ T cells
50,AAGGAGCAGGCTCATT-1,3,CD4+ T cells
51,AAGGAGCCATGGTTGT-1,3,CD4+ T cells
52,AAGGAGCGTTTGTTTC-1,1,CD8+ T cells
53,AAGGCAGAGCGATCCC-1,3,CD4+ T cells
54,AAGGCAGGTTCAACCA-1,1,CD8+ T cells
55,AAGGCAGTCACGCGGT-1,3,CD4+ T cells
56,AAGGCAGTCAGAGCTT-1,3,CD4+ T cells
57,AAGGCAGTCGCGGATC-1,3,CD4+ T cells
58,AAGGTTCAGAAGATTC-1,6,NK cells
59,AAGGTTCTCCGCATAA-1,1,CD8+ T cells
60,AAGTCTGAGGATGGAA-1,3,CD4+ T cells
61,AAGTCTGCACGGCGTT-1,6,NK cells
62,AAGTCTGTCAAGAAGT-1,3,CD4+ T cells
63,AAGTCTGTCAGTACGT-1,3,CD4+ T cells
64,AAGTCTGTCTCGCATC-1,3,CD4+ T cells
65,AATCCAGGTTGGAGGT-1,6,NK cells
66,AATCGGTGTCTGGTCG-1,6,NK cells
67,AATCGGTGTTCCGTCT-1,3,CD4+ T cells
68,AATCGGTTCCTGTACC-1,6,NK cells
69,ACACCAAAGCTGCGAA-1,3,CD4+ T cells
70,ACACCGGCATGTCCTC-1,3,CD4+ T cells
71,ACACCGGGTCGCGTGT-1,5,CD14+ monocytes
72,ACAGCCGCAACTGCTA-1,3,CD4+ T cells
73,ACATACGTCTTGCCGT-1,3,CD4+ T cells
74,ACATACGTCTTGTTTG-1,1,CD8+ T cells
75,ACATCAGAGACAATAC-1,3,CD4+ T cells
76,ACATGGTTCGTCCAGG-1,1,CD8+ T cells
77,ACCAGTAAGGCGCTCT-1,5,CD14+ monocytes
78,ACCCACTAGTCGTTTG-1,6,NK cells
79,ACCCACTGTTAAGAAC-1,3,CD4+ T cells
80,ACCCACTTCAACACTG-1,6,NK cells
81,ACCCACTTCCTACAGA-1,2,B cells
82,ACCCACTTCTGATTCT-1,1,CD8+ T cells
83,ACCGTAACAAGTCATC-1,3,CD4+ T cells
84,ACCGTAACATCAGTAC-1,2,B cells
85,ACCGTAATCCAAACAC-1,6,NK cells
86,ACCTTTAAGCTTATCG-1,6,NK cells
87,ACCTTTAGTAACGACG-1,5,CD14+ monocytes
88,ACCTTTAGTAGCAAAT-1,3,CD4+ T cells
89,ACCTTTAGTTGTTTGG-1,1,CD8+ T cells
90,ACGAGCCGTGCCTTGG-1,3,CD4+ T cells
91,ACGAGGACAGGGATTG-1,5,CD14+ monocytes
92,ACGAGGAGTCCCGACA-1,1,CD8+ T cells
93,ACGAGGAGTGTCCTCT-1,3,CD4+ T cells
94,ACGAGGATCGGAAACG-1,1,CD8+ T cells
95,ACGATACTCCGTCATC-1,3,CD4+ T cells
96,ACGATGTTCTGCGACG-1,3,CD4+ T cells
97,ACGCAGCAGCACACAG-1,6,NK cells
98,ACGCAGCCACGAAGCA-1,3,CD4+ T cells
99,ACGCAGCGTTGCGCAC-1,3,CD4+ T cells
100,ACGCAGCTCCGAATGT-1,1,CD8+ T cells
101,ACGCAGCTCGAATCCA-1,6,NK cells
102,ACGCAGCTCTCTGAGA-1,3,CD4+ T cells
103,ACGCCAGTCAAGCCTA-1,3,CD4+ T cells
104,ACGCCGAAGGAGCGAG-1,1,CD8+ T cells
105,ACGCCGACACGTCAGC-1,1,CD8+ T cells
106,ACGGAGACACGCCAGT-1,6,NK cells
107,ACGGAGACATCATCCC-1,6,NK cells
108,ACGGAGAGTATCACCA-1,1,CD8+ T cells
109,ACGGCCACAGGGAGAG-1,3,CD4+ T cells
110,ACGGCCACATCCTAGA-1,3,CD4+ T cells
111,ACGGCCATCTCGCTTG-1,3,CD4+ T cells
112,ACGGGCTAGGAGTACC-1,5,CD14+ monocytes
113,ACGGGCTCAGCTGGCT-1,3,CD4+ T cells
114,ACGGGCTGTACCGAGA-1,2,B cells
115,ACGGGTCCAAACCTAC-1,5,CD14+ monocytes
116,ACGGGTCCAAGAAGAG-1,6,NK cells
117,ACGTCAAAGTAGGCCA-1,6,NK cells
118,ACGTCAAGTGACTACT-1,1,CD8+ T cells
119,ACGTCAATCAACGGCC-1,6,NK cells
120,ACGTCAATCCTAAGTG-1,3,CD4+ T cells
121,ACTATCTAGTGAATTG-1,3,CD4+ T cells
122,ACTATCTCAAGGTTTC-1,3,CD4+ T cells
123,ACTATCTGTCTAGAGG-1,3,CD4+ T cells
124,ACTATCTTCCAAGTAC-1,1,CD8+ T cells
125,ACTATCTTCTTGTACT-1,3,CD4+ T cells
126,ACTGAACAGGTGCTTT-1,6,NK cells
127,ACTGAACCAGATGGGT-1,6,NK cells
128,ACTGAACTCATTTGGG-1,3,CD4+ T cells
129,ACTGAGTCAGACTCGC-1,6,NK cells
130,ACTGATGAGTTCCACA-1,3,CD4+ T cells
131,ACTGATGCACGTCTCT-1,3,CD4+ T cells
132,ACTGCTCCAACTTGAC-1,3,CD4+ T cells
133,ACTGCTCCATCCCATC-1,1,CD8+ T cells
134,ACTGCTCTCTACCAGA-1,3,CD4+ T cells
135,ACTGTCCAGAGTGAGA-1,5,CD14+ monocytes
136,ACTGTCCAGGTGATTA-1,3,CD4+ T cells
137,ACTGTCCTCCGCATAA-1,3,CD4+ T cells
138,ACTTACTCACCAGGCT-1,3,CD4+ T cells
139,ACTTACTCATTCTTAC-1,2,B cells
140,ACTTGTTAGCTCCTCT-1,6,NK cells
141,ACTTGTTTCCAAACTG-1,6,NK cells
142,ACTTTCAGTTCCACTC-1,6,NK cells
143,ACTTTCATCCGCGCAA-1,6,NK cells
144,AGAATAGCACCAGGCT-1,3,CD4+ T cells
145,AGAATAGGTACAGACG-1,3,CD4+ T cells
146,AGAATAGGTACCGTTA-1,1,CD8+ T cells
147,AGAATAGGTGTTAAGA-1,3,CD4+ T cells
148,AGAATAGTCAGGCGAA-1,3,CD4+ T cells
149,AGACGTTCATACCATG-1,1,CD8+ T cells
150,AGAGCGACACCCTATC-1,3,CD4+ T cells
151,AGAGCTTCAGATTGCT-1,5,CD14+ monocytes
152,AGAGCTTCATGTCGAT-1,3,CD4+ T cells
153,AGAGCTTGTGCGGTAA-1,6,NK cells
154,AGAGCTTTCCCAAGAT-1,5,CD14+ monocytes
155,AGAGTGGAGGACGAAA-1,2,B cells
156,AGAGTGGGTGACTCAT-1,2,B cells
157,AGAGTGGTCACCCGAG-1,3,CD4+ T cells
158,AGATCTGAGGCATGGT-1,6,NK cells
159,AGATCTGAGTACGACG-1,3,CD4+ T cells
160,AGATCTGCACCGAATT-1,5,CD14+ monocytes
161,AGATCTGTCGAGAGCA-1,5,CD14+ monocytes
162,AGATCTGTCTGGTGTA-1,3,CD4+ T cells
163,AGATTGCAGCAGACTG-1,6,NK cells
164,AGATTGCCAGCGAACA-1,1,CD8+ T cells
165,AGATTGCGTGTCGCTG-1,5,CD14+ monocytes
166,AGATTGCGTGTTAAGA-1,3,CD4+ T cells
167,AGCAGCCCAGTGGAGT-1,3,CD4+ T cells
168,AGCAGCCTCTGGTGTA-1,3,CD4+ T cells
169,AGCATACAGAACAACT-1,3,CD4+ T cells
170,AGCATACCAGCGATCC-1,3,CD4+ T cells
171,AGCATACGTCTAGAGG-1,2,B cells
172,AGCCTAACACACATGT-1,3,CD4+ T cells
173,AGCCTAAGTTATCGGT-1,3,CD4+ T cells
174,AGCGGTCAGCTAACAA-1,6,NK cells
175,AGCGGTCAGGGAGTAA-1,3,CD4+ T cells
176,AGCGGTCCAAGTAATG-1,3,CD4+ T cells
177,AGCGGTCCACCCTATC-1,3,CD4+ T cells
178,AGCGGTCGTTACTGAC-1,3,CD4+ T cells
179,AGCGTATAGATGTTAG-1,6,NK cells
180,AGCGTATCACCAGCAC-1,3,CD4+ T cells
181,AGCTCCTAGGTCGGAT-1,6,NK cells
182,AGCTCCTCAGGGAGAG-1,1,CD8+ T cells
183,AGCTCTCAGCCAGTAG-1,3,CD4+ T cells
184,AGCTCTCGTCGCATCG-1,3,CD4+ T cells
185,AGCTCTCTCATCACCC-1,3,CD4+ T cells
186,AGCTTGAAGAGGTTAT-1,3,CD4+ T cells
187,AGCTTGACACTTAAGC-1,3,CD4+ T cells
188,AGGCCACAGGTGTGGT-1,3,CD4+ T cells
189,AGGCCACGTTCCACGG-1,6,NK cells
190,AGGCCACTCGAATGCT-1,3,CD4+ T cells
191,AGGCCGTAGTGACTCT-1,6,NK cells
192,AGGCCGTCAAGTTGTC-1,6,NK cells
193,AGGCCGTCATCCGCGA-1,1,CD8+ T cells
194,AGGCCGTGTTGTTTGG-1,6,NK cells
195,AGGGAGTCACGGTGTC-1,3,CD4+ T cells
196,AGGGAGTGTCCAGTTA-1,3,CD4+ T cells
197,AGGGATGAGGCCCTCA-1,5,CD14+ monocytes
198,AGGGATGTCGGTGTTA-1,3,CD4+ T cells
199,AGGGTGAAGATCCGAG-1,3,CD4+ T cells
200,AGGGTGAAGCTGAAAT-1,1,CD8+ T cells
201,AGGGTGAAGTCACGCC-1,6,NK cells
202,AGGGTGAGTCTGATTG-1,5,CD14+ monocytes
203,AGGGTGAGTGAGGGTT-1,1,CD8+ T cells
204,AGGTCATGTCTCAACA-1,6,NK cells
205,AGGTCATTCCGTTGTC-1,5,CD14+ monocytes
206,AGGTCCGAGTGGTCCC-1,1,CD8+ T cells
207,AGGTCCGCACGCGAAA-1,1,CD8+ T cells
208,AGTAGTCAGTCGATAA-1,3,CD4+ T cells
209,AGTAGTCCAACTGGCC-1,2,B cells
210,AGTAGTCCACAGACTT-1,5,CD14+ monocytes
211,AGTAGTCCAGCTGCTG-1,6,NK cells
212,AGTGAGGCAGGCAGTA-1,3,CD4+ T cells
213,AGTGGGAGTACTCTCC-1,6,NK cells
214,AGTGGGAGTCCCTTGT-1,3,CD4+ T cells
215,AGTGTCACAATGAAAC-1,3,CD4+ T cells
216,AGTGTCACACAGCCCA-1,3,CD4+ T cells
217,AGTGTCACATACTACG-1,2,B cells
218,AGTTGGTCATGCTGGC-1,6,NK cells
219,AGTTGGTTCTTTAGGG-1,1,CD8+ T cells
220,ATAACGCCACAACTGT-1,3,CD4+ T cells
221,ATAACGCTCACATAGC-1,6,NK cells
222,ATAAGAGCAGTAGAGC-1,1,CD8+ T cells
223,ATAAGAGGTAGGCTGA-1,5,CD14+ monocytes
224,ATAGACCAGTCTCGGC-1,3,CD4+ T cells
225,ATCACGAGTGTGACCC-1,5,CD14+ monocytes
226,ATCACGATCAAAGACA-1,3,CD4+ T cells
227,ATCATCTAGGCCATAG-1,3,CD4+ T cells
228,ATCATCTAGGTAGCCA-1,6,NK cells
229,ATCATCTTCAGCCTAA-1,7,CD16+ monocytes
230,ATCATGGAGAATTCCC-1,3,CD4+ T cells
231,ATCATGGCACAAGTAA-1,1,CD8+ T cells
232,ATCATGGCACTACAGT-1,3,CD4+ T cells
233,ATCATGGTCTACTCAT-1,3,CD4+ T cells
234,ATCATGGTCTATCGCC-1,5,CD14+ monocytes
235,ATCCACCCAGGTCTCG-1,3,CD4+ T cells
236,ATCCACCTCACAATGC-1,1,CD8+ T cells
237,ATCCACCTCAGTTTGG-1,3,CD4+ T cells
238,ATCCACCTCTGTTTGT-1,3,CD4+ T cells
239,ATCCGAAAGCACGCCT-1,6,NK cells
240,ATCCGAAAGCTGGAAC-1,1,CD8+ T cells
241,ATCCGAACATTAACCG-1,6,NK cells
242,ATCCGAATCACGGTTA-1,1,CD8+ T cells
243,ATCGAGTAGATCTGCT-1,3,CD4+ T cells
244,ATCGAGTGTGACCAAG-1,6,NK cells
245,ATCGAGTGTGTTTGTG-1,3,CD4+ T cells
246,ATCGAGTTCACCACCT-1,3,CD4+ T cells
247,ATCGAGTTCGGTGTCG-1,5,CD14+ monocytes
248,ATCTACTAGAGGACGG-1,2,B cells
249,ATCTACTGTCTCCCTA-1,2,B cells
250,ATCTACTGTGAGCGAT-1,2,B cells
251,ATCTACTTCCCGGATG-1,3,CD4+ T cells
252,ATCTGCCTCCACGAAT-1,6,NK cells
253,ATGAGGGCAATCCGAT-1,1,CD8+ T cells
254,ATGAGGGCACAACTGT-1,1,CD8+ T cells
255,ATGAGGGGTTGCCTCT-1,1,CD8+ T cells
256,ATGAGGGTCACGGTTA-1,2,B cells
257,ATGCGATAGGGTATCG-1,6,NK cells
258,ATGCGATAGTACTTGC-1,3,CD4+ T cells
259,ATGCGATAGTGTTAGA-1,5,CD14+ monocytes
260,ATGCGATCAGAGCCAA-1,3,CD4+ T cells
261,ATGGGAGCATTGGGCC-1,3,CD4+ T cells
262,ATGTGTGAGAAACGAG-1,3,CD4+ T cells
263,ATGTGTGGTGGTGTAG-1,3,CD4+ T cells
264,ATTACTCCACAGGCCT-1,3,CD4+ T cells
265,ATTACTCGTACCCAAT-1,5,CD14+ monocytes
266,ATTACTCTCGCGTAGC-1,3,CD4+ T cells
267,ATTATCCAGCTAGCCC-1,6,NK cells
268,ATTATCCAGGACAGAA-1,6,NK cells
269,ATTATCCTCCGTCAAA-1,6,NK cells
270,ATTCTACAGTTACCCA-1,2,B cells
271,ATTCTACGTACGCACC-1,6,NK cells
272,ATTGGACAGCAATCTC-1,1,CD8+ T cells
273,ATTGGACCAGGTCCAC-1,3,CD4+ T cells
274,ATTGGTGGTGCTAGCC-1,3,CD4+ T cells
275,ATTTCTGAGAGCTATA-1,5,CD14+ monocytes
276,ATTTCTGCAGCGAACA-1,6,NK cells
277,ATTTCTGGTAAGTTCC-1,1,CD8+ T cells
278,ATTTCTGGTACCGCTG-1,3,CD4+ T cells
279,ATTTCTGTCACAACGT-1,3,CD4+ T cells
280,ATTTCTGTCGCCTGAG-1,3,CD4+ T cells
281,CAACCAAAGTTGTAGA-1,1,CD8+ T cells
282,CAACCAACAAGGACAC-1,3,CD4+ T cells
283,CAACCTCGTACAGTTC-1,3,CD4+ T cells
284,CAACCTCTCCACTCCA-1,3,CD4+ T cells
285,CAACCTCTCTAACGGT-1,3,CD4+ T cells
286,CAACTAGTCAATACCG-1,6,NK cells
287,CAAGAAAGTTGAGGTG-1,3,CD4+ T cells
288,CAAGAAATCCACGACG-1,1,CD8+ T cells
289,CAAGATCAGGCATTGG-1,3,CD4+ T cells
290,CAAGGCCAGGATATAC-1,6,NK cells
291,CAAGGCCTCCAAAGTC-1,3,CD4+ T cells
292,CAAGGCCTCCTTAATC-1,3,CD4+ T cells
293,CAAGGCCTCCTTGCCA-1,3,CD4+ T cells
294,CAAGTTGAGTTATCGC-1,3,CD4+ T cells
295,CAAGTTGCACCAGCAC-1,1,CD8+ T cells
296,CAAGTTGGTCATATCG-1,5,CD14+ monocytes
297,CAAGTTGTCTAACTCT-1,1,CD8+ T cells
298,CACAAACTCACATAGC-1,3,CD4+ T cells
299,CACAAACTCCGCATAA-1,3,CD4+ T cells
300,CACAAACTCTCAAACG-1,6,NK cells
301,CACACAACAAGGGTCA-1,6,NK cells
302,CACACAACATCATCCC-1,3,CD4+ T cells
303,CACACAAGTACGCTGC-1,3,CD4+ T cells
304,CACACAATCATTTGGG-1,3,CD4+ T cells
305,CACACCTAGTAAGTAC-1,3,CD4+ T cells
306,CACACCTCAATGTAAG-1,3,CD4+ T cells
307,CACACTCCACGGTTTA-1,3,CD4+ T cells
308,CACACTCGTAACGTTC-1,1,CD8+ T cells
309,CACACTCGTAAGGGAA-1,3,CD4+ T cells
310,CACAGGCCAGCTTCGG-1,2,B cells
311,CACAGGCGTCTGCGGT-1,1,CD8+ T cells
312,CACAGTAAGCATCATC-1,3,CD4+ T cells
313,CACAGTACACAGATTC-1,6,NK cells
314,CACAGTATCGTGGTCG-1,3,CD4+ T cells
315,CACATAGAGTGCGATG-1,3,CD4+ T cells
316,CACATAGGTTTGTTTC-1,3,CD4+ T cells
317,CACATTTCAGCAGTTT-1,2,B cells
318,CACATTTTCCACGACG-1,3,CD4+ T cells
319,CACCACTAGGACATTA-1,1,CD8+ T cells
320,CACCACTAGGCTAGGT-1,3,CD4+ T cells
321,CACCACTTCCTGCTTG-1,3,CD4+ T cells
322,CACCACTTCGCATGAT-1,3,CD4+ T cells
323,CACCAGGGTTGGAGGT-1,3,CD4+ T cells
324,CACCAGGTCTAACGGT-1,5,CD14+ monocytes
325,CACCTTGAGCTGTTCA-1,3,CD4+ T cells
326,CACTCCACAGCAGTTT-1,1,CD8+ T cells
327,CAGAATCAGCAGATCG-1,1,CD8+ T cells
328,CAGAATCCATTACCTT-1,1,CD8+ T cells
329,CAGAATCTCAATCTCT-1,6,NK cells
330,CAGAATCTCACGACTA-1,3,CD4+ T cells
331,CAGAGAGTCCGCAAGC-1,6,NK cells
332,CAGATCAAGCCGCCTA-1,3,CD4+ T cells
333,CAGATCATCCACTCCA-1,1,CD8+ T cells
334,CAGCAGCCATAGTAAG-1,2,B cells
335,CAGCAGCTCAGTTGAC-1,1,CD8+ T cells
336,CAGCATAGTTCATGGT-1,3,CD4+ T cells
337,CAGCCGAGTCAAGCGA-1,3,CD4+ T cells
338,CAGCCGAGTGTTGAGG-1,5,CD14+ monocytes
339,CAGCCGATCGTGGTCG-1,3,CD4+ T cells
340,CAGCGACAGATCCGAG-1,1,CD8+ T cells
341,CAGCGACTCACCTCGT-1,1,CD8+ T cells
342,CAGCTAAAGAGTAATC-1,3,CD4+ T cells
343,CAGCTAAGTAGGAGTC-1,6,NK cells
344,CAGCTAAGTGCAGGTA-1,3,CD4+ T cells
345,CAGCTAAGTTTAGCTG-1,6,NK cells
346,CAGCTGGCAGCTGTGC-1,1,CD8+ T cells
347,CAGCTGGCAGTTCCCT-1,3,CD4+ T cells
348,CAGCTGGGTCTCTTTA-1,3,CD4+ T cells
349,CAGGTGCAGGAATTAC-1,3,CD4+ T cells
350,CAGGTGCCACAGCGTC-1,3,CD4+ T cells
351,CAGTAACGTCCAGTTA-1,3,CD4+ T cells
352,CAGTAACGTCGAGATG-1,5,CD14+ monocytes
353,CAGTCCTTCGCCAAAT-1,3,CD4+ T cells
354,CAGTCCTTCTGGTATG-1,3,CD4+ T cells
355,CATATGGAGTAGATGT-1,5,CD14+ monocytes
356,CATATGGTCAACACCA-1,3,CD4+ T cells
357,CATATGGTCCCTAATT-1,2,B cells
358,CATATTCAGAAACCGC-1,5,CD14+ monocytes
359,CATATTCAGATGGCGT-1,1,CD8+ T cells
360,CATATTCAGCGCTTAT-1,3,CD4+ T cells
361,CATATTCGTATTCGTG-1,6,NK cells
362,CATATTCTCGGTCTAA-1,3,CD4+ T cells
363,CATCAAGAGTGAAGTT-1,6,NK cells
364,CATCAAGGTATAGTAG-1,5,CD14+ monocytes
365,CATCAAGTCGCTGATA-1,6,NK cells
366,CATCAGAAGTCAATAG-1,3,CD4+ T cells
367,CATCAGAGTGGCCCTA-1,5,CD14+ monocytes
368,CATCAGAGTTTGGGCC-1,3,CD4+ T cells
369,CATCAGATCATCTGCC-1,6,NK cells
370,CATCCACCAGGAATGC-1,1,CD8+ T cells
371,CATCGAACACGGCCAT-1,6,NK cells
372,CATCGGGAGTTCGATC-1,3,CD4+ T cells
373,CATCGGGCAGCCACCA-1,6,NK cells
374,CATCGGGGTGCGGTAA-1,1,CD8+ T cells
375,CATCGGGTCGAGGTAG-1,6,NK cells
376,CATGACAAGATCCTGT-1,3,CD4+ T cells
377,CATGACAAGTACTTGC-1,3,CD4+ T cells
378,CATGACAGTCCAACTA-1,6,NK cells
379,CATGACATCACCATAG-1,6,NK cells
380,CATGCCTAGAGGTAGA-1,6,NK cells
381,CATGCCTAGGCCCTCA-1,2,B cells
382,CATGGCGCAGGACCCT-1,3,CD4+ T cells
383,CATGGCGGTGCACTTA-1,3,CD4+ T cells
384,CATTATCCAGACTCGC-1,1,CD8+ T cells
385,CATTATCCATGCCTTC-1,1,CD8+ T cells
386,CATTATCTCCGCGTTT-1,1,CD8+ T cells
387,CATTCGCCAAGACGTG-1,3,CD4+ T cells
388,CATTCGCCAATAGAGT-1,1,CD8+ T cells
389,CATTCGCGTCTGGTCG-1,1,CD8+ T cells
390,CATTCGCTCAGTTAGC-1,1,CD8+ T cells
391,CATTCGCTCGGTTCGG-1,3,CD4+ T cells
392,CCAATCCAGACTAGAT-1,1,CD8+ T cells
393,CCAATCCTCGCATGGC-1,6,NK cells
394,CCACCTAAGCTGTCTA-1,3,CD4+ T cells
395,CCACCTACACCCTATC-1,3,CD4+ T cells
396,CCACCTACATGAGCGA-1,3,CD4+ T cells
397,CCACCTATCAGAGGTG-1,5,CD14+ monocytes
398,CCACGGACACGCATCG-1,1,CD8+ T cells
399,CCACTACAGCCACTAT-1,1,CD8+ T cells
400,CCACTACAGGTAGCCA-1,3,CD4+ T cells
401,CCACTACTCTCCAACC-1,3,CD4+ T cells
402,CCAGCGACAGTAGAGC-1,3,CD4+ T cells
403,CCAGCGACATACTACG-1,3,CD4+ T cells
404,CCATGTCAGCCGTCGT-1,3,CD4+ T cells
405,CCATGTCAGTGTGGCA-1,3,CD4+ T cells
406,CCATGTCCAATTCCTT-1,3,CD4+ T cells
407,CCATGTCGTCAACTGT-1,2,B cells
408,CCATGTCGTCATCGGC-1,5,CD14+ monocytes
409,CCATGTCGTTGGTTTG-1,6,NK cells
410,CCATGTCTCAGTTAGC-1,1,CD8+ T cells
411,CCATTCGAGTAGTGCG-1,3,CD4+ T cells
412,CCCAATCAGTTAGCGG-1,3,CD4+ T cells
413,CCCAATCGTGACTACT-1,3,CD4+ T cells
414,CCCAATCTCTAACCGA-1,3,CD4+ T cells
415,CCCAGTTAGTGGAGTC-1,3,CD4+ T cells
416,CCCAGTTGTTAAAGTG-1,6,NK cells
417,CCCATACAGGTCGGAT-1,3,CD4+ T cells
418,CCCATACGTGCACCAC-1,2,B cells
419,CCCTCCTCACGAGAGT-1,2,B cells
420,CCGGGATCATTTCAGG-1,6,NK cells
421,CCGGGATTCTGGCGAC-1,2,B cells
422,CCGGTAGCACACATGT-1,3,CD4+ T cells
423,CCGGTAGTCGTGGGAA-1,3,CD4+ T cells
424,CCGTACTAGTGAATTG-1,6,NK cells
425,CCGTACTAGTTGAGTA-1,3,CD4+ T cells
426,CCGTACTCATTCTTAC-1,5,CD14+ monocytes
427,CCGTACTGTCCGTGAC-1,1,CD8+ T cells
428,CCGTGGAAGTGGCACA-1,3,CD4+ T cells
429,CCGTGGACAGACGCTC-1,1,CD8+ T cells
430,CCGTTCAAGGCATTGG-1,5,CD14+ monocytes
431,CCGTTCATCTCTTATG-1,3,CD4+ T cells
432,CCTAAAGAGGCACATG-1,3,CD4+ T cells
433,CCTAAAGTCAGTTCGA-1,6,NK cells
434,CCTACACAGGTGACCA-1,2,B cells
435,CCTACACGTGCTCTTC-1,3,CD4+ T cells
436,CCTACCATCTTGAGAC-1,6,NK cells
437,CCTATTAAGATCACGG-1,3,CD4+ T cells
438,CCTATTATCAGGCAAG-1,5,CD14+ monocytes
439,CCTCAGTGTCAGTGGA-1,6,NK cells
440,CCTCTGAAGTACGCCC-1,3,CD4+ T cells
441,CCTTACGAGGATGCGT-1,6,NK cells
442,CCTTACGAGGTTCCTA-1,3,CD4+ T cells
443,CCTTACGCACATAACC-1,3,CD4+ T cells
444,CCTTACGCAGGGCATA-1,6,NK cells
445,CCTTACGTCAGTACGT-1,3,CD4+ T cells
446,CCTTCCCTCGCAAACT-1,3,CD4+ T cells
447,CCTTCGAGTAGGGTAC-1,3,CD4+ T cells
448,CCTTCGATCTTGTATC-1,5,CD14+ monocytes
449,CCTTTCTCAGGAATCG-1,1,CD8+ T cells
450,CGAACATGTTGCGCAC-1,6,NK cells
451,CGAATGTCAAATCCGT-1,3,CD4+ T cells
452,CGAATGTGTCGATTGT-1,1,CD8+ T cells
453,CGAATGTTCGATCCCT-1,3,CD4+ T cells
454,CGACCTTAGTCAAGGC-1,1,CD8+ T cells
455,CGACTTCAGGGCTTGA-1,3,CD4+ T cells
456,CGACTTCCACTCAGGC-1,5,CD14+ monocytes
457,CGAGAAGCAACGATGG-1,3,CD4+ T cells
458,CGAGAAGTCCCAACGG-1,1,CD8+ T cells
459,CGAGCACAGACACTAA-1,3,CD4+ T cells
460,CGAGCACCAGCAGTTT-1,3,CD4+ T cells
461,CGAGCACTCACGCGGT-1,3,CD4+ T cells
462,CGAGCCAAGTTGAGTA-1,3,CD4+ T cells
463,CGAGCCACAGACAGGT-1,6,NK cells
464,CGAGCCAGTCCAACTA-1,3,CD4+ T cells
465,CGAGCCAGTTAAAGTG-1,3,CD4+ T cells
466,CGATCGGCACGAGAGT-1,1,CD8+ T cells
467,CGATGGCAGTGTGGCA-1,5,CD14+ monocytes
468,CGATGGCCAGTATGCT-1,3,CD4+ T cells
469,CGATGGCTCGTCACGG-1,6,NK cells
470,CGATGTAAGAATTGTG-1,5,CD14+ monocytes
471,CGATGTACAAGGACAC-1,3,CD4+ T cells
472,CGATGTACAGCGTCCA-1,3,CD4+ T cells
473,CGATGTACATCGACGC-1,5,CD14+ monocytes
474,CGATGTAGTAGAAAGG-1,3,CD4+ T cells
475,CGATTGAGTCGCATAT-1,3,CD4+ T cells
476,CGCCAAGTCGCGTAGC-1,3,CD4+ T cells
477,CGCGGTAAGCGTAATA-1,1,CD8+ T cells
478,CGCGGTACAGGTGGAT-1,3,CD4+ T cells
479,CGCGGTACATCGGACC-1,5,CD14+ monocytes
480,CGCGGTAGTTAGGGTG-1,3,CD4+ T cells
481,CGCGGTAGTTCTGAAC-1,2,B cells
482,CGCGTTTAGCACACAG-1,3,CD4+ T cells
483,CGCGTTTGTCGAATCT-1,1,CD8+ T cells
484,CGCGTTTTCAAAGTAG-1,6,NK cells
485,CGCTATCCATGACATC-1,3,CD4+ T cells
486,CGCTATCGTCCATGAT-1,3,CD4+ T cells
487,CGCTGGAAGCCGCCTA-1,5,CD14+ monocytes
488,CGCTTCAGTAGGACAC-1,6,NK cells
489,CGCTTCAGTCTGCGGT-1,3,CD4+ T cells
490,CGCTTCAGTGGACGAT-1,5,CD14+ monocytes
491,CGGACACCACGCATCG-1,3,CD4+ T cells
492,CGGACACCACTTGGAT-1,1,CD8+ T cells
493,CGGACACGTTGGACCC-1,1,CD8+ T cells
494,CGGACACTCCCAGGTG-1,3,CD4+ T cells
495,CGGACACTCCTTGACC-1,3,CD4+ T cells
496,CGGACGTAGCGTTTAC-1,1,CD8+ T cells
497,CGGACGTTCCAATGGT-1,3,CD4+ T cells
498,CGGACTGTCATATCGG-1,3,CD4+ T cells
499,CGGAGCTAGACAATAC-1,3,CD4+ T cells
500,CGGAGCTAGTCATGCT-1,3,CD4+ T cells
501,CGGAGCTGTGAACCTT-1,3,CD4+ T cells
502,CGGAGCTTCCACGCAG-1,1,CD8+ T cells
503,CGGAGCTTCTCGGACG-1,3,CD4+ T cells
504,CGGAGTCCATGCTAGT-1,3,CD4+ T cells
505,CGGAGTCGTCAACTGT-1,3,CD4+ T cells
506,CGGCTAGCAACTGCGC-1,1,CD8+ T cells
507,CGGCTAGCAACTGCTA-1,1,CD8+ T cells
508,CGGCTAGCACCCAGTG-1,1,CD8+ T cells
509,CGGGTCAAGGAATGGA-1,3,CD4+ T cells
510,CGGGTCAGTACTCGCG-1,1,CD8+ T cells
511,CGGGTCATCCGATATG-1,3,CD4+ T cells
512,CGGTTAATCACCGGGT-1,3,CD4+ T cells
513,CGTAGCGAGGGTGTGT-1,3,CD4+ T cells
514,CGTAGCGAGTACACCT-1,5,CD14+ monocytes
515,CGTAGCGAGTCTTGCA-1,5,CD14+ monocytes
516,CGTAGGCAGCTGATAA-1,5,CD14+ monocytes
517,CGTAGGCAGGACAGCT-1,5,CD14+ monocytes
518,CGTAGGCGTATTACCG-1,1,CD8+ T cells
519,CGTAGGCGTCTAGTGT-1,1,CD8+ T cells
520,CGTCACTTCTGGTTCC-1,3,CD4+ T cells
521,CGTCAGGAGTGCGATG-1,2,B cells
522,CGTCAGGTCGTCTGCT-1,6,NK cells
523,CGTCCATAGATCCGAG-1,3,CD4+ T cells
524,CGTCCATAGTCATCCA-1,2,B cells
525,CGTCCATCACGTAAGG-1,1,CD8+ T cells
526,CGTCCATCATGCCCGA-1,6,NK cells
527,CGTCCATGTCCTCCAT-1,3,CD4+ T cells
528,CGTCCATTCGATCCCT-1,1,CD8+ T cells
529,CGTCCATTCGGTTCGG-1,2,B cells
530,CGTCTACAGCAGCCTC-1,3,CD4+ T cells
531,CGTCTACGTCCTCCAT-1,3,CD4+ T cells
532,CGTGAGCCACCTCGTT-1,3,CD4+ T cells
533,CGTGAGCCAGGGCATA-1,2,B cells
534,CGTGAGCGTGACGGTA-1,3,CD4+ T cells
535,CGTGAGCGTTGTCTTT-1,5,CD14+ monocytes
536,CGTGTCTTCTACGAGT-1,1,CD8+ T cells
537,CGTTAGACATCACCCT-1,3,CD4+ T cells
538,CGTTAGATCCCTCTTT-1,3,CD4+ T cells
539,CGTTCTGGTATCGCAT-1,3,CD4+ T cells
540,CGTTGGGGTTTAAGCC-1,3,CD4+ T cells
541,CTAAGACAGCCAGTAG-1,1,CD8+ T cells
542,CTAAGACCATACCATG-1,1,CD8+ T cells
543,CTAATGGAGAACTCGG-1,1,CD8+ T cells
544,CTAATGGAGAGACTTA-1,6,NK cells
545,CTAATGGCAAGAGTCG-1,3,CD4+ T cells
546,CTACACCAGCGGCTTC-1,6,NK cells
547,CTACATTAGCAGGTCA-1,5,CD14+ monocytes
548,CTACATTAGCCAACAG-1,6,NK cells
549,CTACATTAGGCTCTTA-1,3,CD4+ T cells
550,CTACATTTCACCATAG-1,1,CD8+ T cells
551,CTACCCAAGCTAACAA-1,1,CD8+ T cells
552,CTACCCACAAACAACA-1,6,NK cells
553,CTACCCACATGTAGTC-1,3,CD4+ T cells
554,CTACCCATCGCCGTGA-1,3,CD4+ T cells
555,CTACGTCAGTGTGAAT-1,5,CD14+ monocytes
556,CTACGTCCAATCTACG-1,3,CD4+ T cells
557,CTACGTCGTTGACGTT-1,1,CD8+ T cells
558,CTACGTCTCGTCCGTT-1,3,CD4+ T cells
559,CTAGAGTCACCGAAAG-1,3,CD4+ T cells
560,CTAGCCTGTCTGGAGA-1,6,NK cells
561,CTAGTGACAGCTGCAC-1,3,CD4+ T cells
562,CTAGTGACATTGAGCT-1,3,CD4+ T cells
563,CTCACACTCAGGCAAG-1,3,CD4+ T cells
564,CTCACACTCCATGAGT-1,3,CD4+ T cells
565,CTCAGAATCGTGACAT-1,1,CD8+ T cells
566,CTCATTACACAGCCCA-1,1,CD8+ T cells
567,CTCATTACATGCGCAC-1,3,CD4+ T cells
568,CTCATTAGTGAAATCA-1,6,NK cells
569,CTCATTATCGCAGGCT-1,3,CD4+ T cells
570,CTCCTAGAGGACAGCT-1,1,CD8+ T cells
571,CTCGAAAAGATATACG-1,3,CD4+ T cells
572,CTCGAAAAGCTACCGC-1,3,CD4+ T cells
573,CTCGAAACAGGAACGT-1,6,NK cells
574,CTCGAAAGTACAGACG-1,3,CD4+ T cells
575,CTCGAGGAGTGTACGG-1,1,CD8+ T cells
576,CTCGAGGCAGTTCATG-1,6,NK cells
577,CTCGAGGGTCTCTTAT-1,3,CD4+ T cells
578,CTCGGAGAGACATAAC-1,3,CD4+ T cells
579,CTCGGAGTCGTATCAG-1,3,CD4+ T cells
580,CTCGGGAAGGGTTTCT-1,3,CD4+ T cells
581,CTCGTACGTCTCCATC-1,3,CD4+ T cells
582,CTCGTACTCATTGCGA-1,6,NK cells
583,CTCGTACTCCACGAAT-1,3,CD4+ T cells
584,CTCGTCAAGGCATGGT-1,1,CD8+ T cells
585,CTCGTCACATATACCG-1,1,CD8+ T cells
586,CTCGTCACATGAACCT-1,3,CD4+ T cells
587,CTCTAATAGGATTCGG-1,5,CD14+ monocytes
588,CTCTAATGTACTCTCC-1,3,CD4+ T cells
589,CTCTAATTCGGTGTTA-1,3,CD4+ T cells
590,CTCTGGTAGCTAACTC-1,3,CD4+ T cells
591,CTCTGGTGTCATGCCG-1,6,NK cells
592,CTGAAGTCATCTGGTA-1,3,CD4+ T cells
593,CTGAAGTGTCACACGC-1,6,NK cells
594,CTGAAGTGTCGTGGCT-1,6,NK cells
595,CTGAAGTTCTTGCATT-1,1,CD8+ T cells
596,CTGATAGGTATAGGGC-1,3,CD4+ T cells
597,CTGATCCCAGGATTGG-1,3,CD4+ T cells
598,CTGCCTAAGACATAAC-1,3,CD4+ T cells
599,CTGCCTAAGATAGCAT-1,6,NK cells
600,CTGCCTACACGTAAGG-1,1,CD8+ T cells
601,CTGCCTAGTGCCTGGT-1,1,CD8+ T cells
602,CTGCGGACAATAAGCA-1,6,NK cells
603,CTGCGGACATATGAGA-1,5,CD14+ monocytes
604,CTGCGGATCAGCTTAG-1,3,CD4+ T cells
605,CTGCGGATCATTGCCC-1,1,CD8+ T cells
606,CTGCGGATCCGCTGTT-1,3,CD4+ T cells
607,CTGCTGTTCATTGCGA-1,3,CD4+ T cells
608,CTGGTCTAGAATAGGG-1,6,NK cells
609,CTGTGCTAGCGATGAC-1,1,CD8+ T cells
610,CTGTGCTAGGTGCTAG-1,3,CD4+ T cells
611,CTGTGCTGTGCAACTT-1,3,CD4+ T cells
612,CTGTGCTTCCAAACTG-1,3,CD4+ T cells
613,CTGTTTACACTTCGAA-1,1,CD8+ T cells
614,CTGTTTATCCAAAGTC-1,3,CD4+ T cells
615,CTTAACTAGGCATGGT-1,3,CD4+ T cells
616,CTTAACTCATCGACGC-1,1,CD8+ T cells
617,CTTAACTGTACGACCC-1,3,CD4+ T cells
618,CTTAACTGTTGCGCAC-1,6,NK cells
619,CTTACCGAGACTAAGT-1,3,CD4+ T cells
620,CTTACCGGTACCGTAT-1,3,CD4+ T cells
621,CTTACCGGTTGCTCCT-1,3,CD4+ T cells
622,CTTACCGGTTTAGCTG-1,1,CD8+ T cells
623,CTTACCGTCATCACCC-1,6,NK cells
624,CTTACCGTCTCGATGA-1,3,CD4+ T cells
625,CTTAGGACATCGGAAG-1,6,NK cells
626,CTTAGGATCTCAAACG-1,6,NK cells
627,CTTCTCTCATATGAGA-1,6,NK cells
628,CTTCTCTTCCGCATAA-1,3,CD4+ T cells
629,CTTGGCTGTAAGCACG-1,6,NK cells
630,CTTGGCTTCGAATGCT-1,3,CD4+ T cells
631,CTTTGCGAGCGGATCA-1,3,CD4+ T cells
632,CTTTGCGGTTCTGGTA-1,3,CD4+ T cells
633,CTTTGCGTCACCACCT-1,3,CD4+ T cells
634,GAAACTCGTCGTTGTA-1,3,CD4+ T cells
635,GAAACTCTCTGCTTGC-1,6,NK cells
636,GAAATGATCAACACCA-1,1,CD8+ T cells
637,GAAATGATCGGAAATA-1,3,CD4+ T cells
638,GAAATGATCGGTCCGA-1,3,CD4+ T cells
639,GAACATCAGCCACCTG-1,1,CD8+ T cells
640,GAACCTACATCGGAAG-1,3,CD4+ T cells
641,GAACCTACATGCTAGT-1,7,CD16+ monocytes
642,GAACCTATCAACACCA-1,1,CD8+ T cells
643,GAACCTATCACCGTAA-1,2,B cells
644,GAACGGAGTCACCCAG-1,3,CD4+ T cells
645,GAACGGATCCGATATG-1,3,CD4+ T cells
646,GAAGCAGGTGATGTCT-1,1,CD8+ T cells
647,GAATAAGAGGTGCTAG-1,6,NK cells
648,GAATAAGAGTGAAGTT-1,3,CD4+ T cells
649,GAATAAGAGTGTGGCA-1,1,CD8+ T cells
650,GAATAAGCACTAGTAC-1,7,CD16+ monocytes
651,GAATAAGCATCACGTA-1,3,CD4+ T cells
652,GAATAAGTCATCTGTT-1,6,NK cells
653,GAATGAACAAGCGAGT-1,1,CD8+ T cells
654,GAATGAATCGTGGGAA-1,3,CD4+ T cells
655,GACACGCGTTAGGGTG-1,5,CD14+ monocytes
656,GACCAATAGAAACCGC-1,3,CD4+ T cells
657,GACCAATAGAGCCCAA-1,6,NK cells
658,GACCTGGAGAACTGTA-1,3,CD4+ T cells
659,GACCTGGAGCAGCCTC-1,3,CD4+ T cells
660,GACCTGGTCGAATCCA-1,3,CD4+ T cells
661,GACCTGGTCGTTTGCC-1,3,CD4+ T cells
662,GACGCGTGTACCATCA-1,3,CD4+ T cells
663,GACGCGTGTCGCTTCT-1,3,CD4+ T cells
664,GACGCGTTCTCCCTGA-1,2,B cells
665,GACGGCTCACACTGCG-1,1,CD8+ T cells
666,GACGGCTCAGGTGGAT-1,5,CD14+ monocytes
667,GACGGCTTCGCGGATC-1,1,CD8+ T cells
668,GACGTGCAGCTTCGCG-1,3,CD4+ T cells
669,GACGTGCCAATGGAGC-1,5,CD14+ monocytes
670,GACGTGCGTGTTCGAT-1,3,CD4+ T cells
671,GACGTGCTCCTAAGTG-1,6,NK cells
672,GACTAACTCTGCTGTC-1,6,NK cells
673,GACTACAAGAGAGCTC-1,1,CD8+ T cells
674,GACTACAAGATGGCGT-1,1,CD8+ T cells
675,GACTACAAGGCCCTTG-1,1,CD8+ T cells
676,GACTACACAATGACCT-1,3,CD4+ T cells
677,GACTGCGGTCTCGTTC-1,3,CD4+ T cells
678,GAGCAGAAGTAATCCC-1,3,CD4+ T cells
679,GAGCAGACACGAGAGT-1,3,CD4+ T cells
680,GAGCAGATCCGTAGGC-1,6,NK cells
681,GAGGTGAAGATGTCGG-1,3,CD4+ T cells
682,GAGGTGAGTGCACCAC-1,2,B cells
683,GAGTCCGCAGCGAACA-1,3,CD4+ T cells
684,GAGTCCGCAGTACACT-1,3,CD4+ T cells
685,GAGTCCGTCAAACAAG-1,3,CD4+ T cells
686,GAGTCCGTCACAAACC-1,1,CD8+ T cells
687,GAGTCCGTCTTGGGTA-1,1,CD8+ T cells
688,GATCAGTAGGATGTAT-1,3,CD4+ T cells
689,GATCGATCAGCTGCTG-1,2,B cells
690,GATCGCGCATCACAAC-1,6,NK cells
691,GATCGTAAGAGACTAT-1,3,CD4+ T cells
692,GATCGTAAGGCTCAGA-1,1,CD8+ T cells
693,GATCGTATCCATTCTA-1,6,NK cells
694,GATGAAAAGGACTGGT-1,5,CD14+ monocytes
695,GATGAAACAAGAGTCG-1,6,NK cells
696,GATGAAAGTCTCCACT-1,3,CD4+ T cells
697,GATGAAAGTTGTACAC-1,3,CD4+ T cells
698,GATGAGGAGGCTAGAC-1,3,CD4+ T cells
699,GATGAGGAGTTCGCAT-1,3,CD4+ T cells
700,GATGAGGTCAGAGCTT-1,2,B cells
701,GATGAGGTCGACGGAA-1,3,CD4+ T cells
702,GATGAGGTCTTCGGTC-1,3,CD4+ T cells
703,GATTCAGCACTTGGAT-1,1,CD8+ T cells
704,GATTCAGGTGAGTATA-1,1,CD8+ T cells
705,GATTCAGGTGATGATA-1,3,CD4+ T cells
706,GCAAACTCAGCTGTTA-1,7,CD16+ monocytes
707,GCAATCACACCACGTG-1,3,CD4+ T cells
708,GCAATCACACGTCTCT-1,3,CD4+ T cells
709,GCACATAAGCAAATCA-1,6,NK cells
710,GCACATACACAGCGTC-1,1,CD8+ T cells
711,GCACATACACGACTCG-1,1,CD8+ T cells
712,GCACTCTGTCTTCGTC-1,2,B cells
713,GCACTCTGTGTCGCTG-1,1,CD8+ T cells
714,GCACTCTTCAAACCGT-1,3,CD4+ T cells
715,GCAGCCACATCAGTAC-1,3,CD4+ T cells
716,GCAGCCATCTCACATT-1,6,NK cells
717,GCAGTTACACCACCAG-1,6,NK cells
718,GCAGTTACACCAGGTC-1,3,CD4+ T cells
719,GCATACACAAGTCTGT-1,3,CD4+ T cells
720,GCATACATCCTTGCCA-1,3,CD4+ T cells
721,GCATGATCATCGATTG-1,3,CD4+ T cells
722,GCATGCGAGACACGAC-1,2,B cells
723,GCATGCGTCGCCGTGA-1,3,CD4+ T cells
724,GCATGTACAAGCTGGA-1,3,CD4+ T cells
725,GCATGTATCCTAAGTG-1,3,CD4+ T cells
726,GCCAAATAGACTAAGT-1,1,CD8+ T cells
727,GCCTCTAAGTAGCGGT-1,1,CD8+ T cells
728,GCGACCAGTAAACACA-1,3,CD4+ T cells
729,GCGACCATCTAAGCCA-1,6,NK cells
730,GCGAGAAAGGCTAGGT-1,3,CD4+ T cells
731,GCGAGAAGTGGCCCTA-1,5,CD14+ monocytes
732,GCGCAACCACCTGGTG-1,6,NK cells
733,GCGCAACGTAGCTTGT-1,1,CD8+ T cells
734,GCGCAACGTTCAACCA-1,3,CD4+ T cells
735,GCGCAACTCACTTACT-1,3,CD4+ T cells
736,GCGCAGTAGGACACCA-1,6,NK cells
737,GCGCAGTGTCTCCATC-1,1,CD8+ T cells
738,GCGCCAAAGCACGCCT-1,1,CD8+ T cells
739,GCGCCAACAATCTACG-1,1,CD8+ T cells
740,GCGCCAACACAGCGTC-1,5,CD14+ monocytes
741,GCGCGATAGCGTAATA-1,3,CD4+ T cells
742,GCGCGATCACTACAGT-1,7,CD16+ monocytes
743,GCGCGATCATTGGGCC-1,3,CD4+ T cells
744,GCGCGATGTCATATGC-1,1,CD8+ T cells
745,GCGGGTTAGCCACGCT-1,6,NK cells
746,GCGGGTTAGCGATATA-1,1,CD8+ T cells
747,GCGGGTTTCTTGTATC-1,3,CD4+ T cells
748,GCTCCTAAGGTGTGGT-1,5,CD14+ monocytes
749,GCTCCTACAGATGAGC-1,1,CD8+ T cells
750,GCTCCTATCAACTCTT-1,3,CD4+ T cells
751,GCTGCAGAGAGGACGG-1,6,NK cells
752,GCTGCAGTCGGATGGA-1,3,CD4+ T cells
753,GCTGCGAAGTGGAGTC-1,3,CD4+ T cells
754,GCTGCTTAGCCAGTTT-1,3,CD4+ T cells
755,GCTGCTTAGGCAATTA-1,3,CD4+ T cells
756,GCTGCTTTCGATAGAA-1,1,CD8+ T cells
757,GCTTCCAAGTCACGCC-1,1,CD8+ T cells
758,GCTTCCAGTAAAGTCA-1,1,CD8+ T cells
759,GCTTCCAGTAGCTTGT-1,1,CD8+ T cells
760,GCTTGAATCTGATTCT-1,3,CD4+ T cells
761,GGAAAGCCAGACAAGC-1,6,NK cells
762,GGAAAGCTCTGGCGAC-1,3,CD4+ T cells
763,GGAACTTGTCGATTGT-1,3,CD4+ T cells
764,GGAACTTGTTCCACAA-1,1,CD8+ T cells
765,GGAATAACATCACGTA-1,6,NK cells
766,GGAATAAGTAGCGATG-1,2,B cells
767,GGAATAAGTCTTCTCG-1,1,CD8+ T cells
768,GGACAAGCACATAACC-1,5,CD14+ monocytes
769,GGACAAGCACCAGCAC-1,5,CD14+ monocytes
770,GGACAAGGTAAGAGGA-1,3,CD4+ T cells
771,GGACAGAGTCTGATTG-1,7,CD16+ monocytes
772,GGACATTAGTTACGGG-1,1,CD8+ T cells
773,GGACATTCAATGGAGC-1,5,CD14+ monocytes
774,GGACATTTCCATTCTA-1,6,NK cells
775,GGACGTCCACCAGGTC-1,3,CD4+ T cells
776,GGACGTCCAGCGAACA-1,6,NK cells
777,GGAGCAATCACCACCT-1,6,NK cells
778,GGAGCAATCTCGTTTA-1,3,CD4+ T cells
779,GGATGTTAGAACAACT-1,3,CD4+ T cells
780,GGATGTTAGCGAAGGG-1,3,CD4+ T cells
781,GGATGTTGTAGATTAG-1,1,CD8+ T cells
782,GGATTACAGTGCAAGC-1,3,CD4+ T cells
783,GGCAATTCAATAGCAA-1,2,B cells
784,GGCAATTTCAACGCTA-1,1,CD8+ T cells
785,GGCAATTTCCATTCTA-1,6,NK cells
786,GGCCGATTCACCGGGT-1,3,CD4+ T cells
787,GGCCGATTCCAAGCCG-1,1,CD8+ T cells
788,GGCCGATTCCTGCCAT-1,3,CD4+ T cells
789,GGCGACTAGGACATTA-1,3,CD4+ T cells
790,GGCGACTCACGAAAGC-1,1,CD8+ T cells
791,GGCGACTCACTTCTGC-1,3,CD4+ T cells
792,GGCGACTCAGACGCCT-1,1,CD8+ T cells
793,GGCGACTGTTATTCTC-1,3,CD4+ T cells
794,GGCGTGTTCCGCTGTT-1,3,CD4+ T cells
795,GGCGTGTTCTTGAGAC-1,6,NK cells
796,GGCTCGAAGCGTGAAC-1,2,B cells
797,GGCTGGTAGTGCAAGC-1,3,CD4+ T cells
798,GGCTGGTGTCACTTCC-1,3,CD4+ T cells
799,GGCTGGTGTCCTAGCG-1,6,NK cells
800,GGGAATGAGATCGGGT-1,1,CD8+ T cells
801,GGGAATGGTGAAGGCT-1,1,CD8+ T cells
802,GGGAATGTCAACCAAC-1,1,CD8+ T cells
803,GGGAATGTCGGTGTCG-1,3,CD4+ T cells
804,GGGACCTAGATGTAAC-1,3,CD4+ T cells
805,GGGACCTGTACTCAAC-1,3,CD4+ T cells
806,GGGACCTTCACAAACC-1,3,CD4+ T cells
807,GGGACCTTCCTTTCGG-1,1,CD8+ T cells
808,GGGAGATCAATCGGTT-1,5,CD14+ monocytes
809,GGGAGATCACAACGTT-1,5,CD14+ monocytes
810,GGGAGATCATCGGGTC-1,2,B cells
811,GGGAGATGTTCCGTCT-1,3,CD4+ T cells
812,GGGAGATTCTGAGGGA-1,6,NK cells
813,GGGATGACAATGAATG-1,3,CD4+ T cells
814,GGGATGACATGGTAGG-1,1,CD8+ T cells
815,GGGATGAGTAGGGTAC-1,6,NK cells
816,GGGATGATCCTAGTGA-1,1,CD8+ T cells
817,GGGATGATCTGGAGCC-1,3,CD4+ T cells
818,GGGCACTCACGGATAG-1,3,CD4+ T cells
819,GGGTCTGCAGCCTTGG-1,3,CD4+ T cells
820,GGGTCTGCAGTCGTGC-1,3,CD4+ T cells
821,GGGTCTGCATCACCCT-1,3,CD4+ T cells
822,GGGTTGCAGTACGATA-1,3,CD4+ T cells
823,GGGTTGCTCAGAGCTT-1,3,CD4+ T cells
824,GGGTTGCTCCGAATGT-1,3,CD4+ T cells
825,GGTATTGAGACAGGCT-1,3,CD4+ T cells
826,GGTATTGGTCCTCTTG-1,5,CD14+ monocytes
827,GGTGAAGAGATCGGGT-1,5,CD14+ monocytes
828,GGTGAAGCATTACGAC-1,6,NK cells
829,GGTGAAGTCCAGGGCT-1,3,CD4+ T cells
830,GGTGCGTAGACTAGGC-1,3,CD4+ T cells
831,GGTGCGTCAAACGCGA-1,3,CD4+ T cells
832,GGTGCGTGTACAGTGG-1,6,NK cells
833,GGTGCGTGTGAGGGTT-1,5,CD14+ monocytes
834,GGTGCGTGTGATGTCT-1,3,CD4+ T cells
835,GGTGCGTTCATGTCTT-1,6,NK cells
836,GGTGTTAAGTGTTTGC-1,1,CD8+ T cells
837,GGTGTTACACTTACGA-1,1,CD8+ T cells
838,GGTGTTAGTCCAACTA-1,3,CD4+ T cells
839,GGTGTTAGTTATCGGT-1,3,CD4+ T cells
840,GGTGTTATCCCTTGTG-1,6,NK cells
841,GTAACGTAGTGCCAGA-1,6,NK cells
842,GTAACGTCAACTTGAC-1,6,NK cells
843,GTAACGTGTTACAGAA-1,1,CD8+ T cells
844,GTAACGTGTTGACGTT-1,3,CD4+ T cells
845,GTAACTGCATTGGCGC-1,3,CD4+ T cells
846,GTAACTGTCTCAAGTG-1,5,CD14+ monocytes
847,GTACGTAAGCAGGTCA-1,3,CD4+ T cells
848,GTACGTAGTCTGGTCG-1,2,B cells
849,GTACGTATCACTTATC-1,3,CD4+ T cells
850,GTACTCCGTTCATGGT-1,6,NK cells
851,GTACTCCTCAAACCGT-1,3,CD4+ T cells
852,GTACTCCTCGCCGTGA-1,6,NK cells
853,GTACTTTAGCTACCTA-1,6,NK cells
854,GTACTTTAGTGGACGT-1,3,CD4+ T cells
855,GTACTTTGTAGGGTAC-1,2,B cells
856,GTAGGCCCACCCATTC-1,1,CD8+ T cells
857,GTAGGCCGTCTAGTGT-1,3,CD4+ T cells
858,GTAGGCCTCCGCGGTA-1,1,CD8+ T cells
859,GTAGTCACAGAGCCAA-1,1,CD8+ T cells
860,GTAGTCACAGCCTTTC-1,6,NK cells
861,GTAGTCATCGCCTGTT-1,3,CD4+ T cells
862,GTATCTTCAACGCACC-1,3,CD4+ T cells
863,GTATTCTAGCCTTGAT-1,6,NK cells
864,GTATTCTGTCAGAGGT-1,2,B cells
865,GTATTCTTCCGTAGTA-1,3,CD4+ T cells
866,GTATTCTTCGACCAGC-1,3,CD4+ T cells
867,GTATTCTTCTGCGTAA-1,6,NK cells
868,GTCAAGTAGTAGGCCA-1,3,CD4+ T cells
869,GTCAAGTGTAAACGCG-1,1,CD8+ T cells
870,GTCAAGTTCTTACCTA-1,2,B cells
871,GTCACAATCACTATTC-1,3,CD4+ T cells
872,GTCACAATCTCCTATA-1,2,B cells
873,GTCATTTGTATGAATG-1,3,CD4+ T cells
874,GTCCTCAAGCAATATG-1,3,CD4+ T cells
875,GTCCTCAAGCTAAACA-1,3,CD4+ T cells
876,GTCCTCACAAAGTGCG-1,1,CD8+ T cells
877,GTCCTCATCAGGCGAA-1,3,CD4+ T cells
878,GTCGGGTGTGGCAAAC-1,3,CD4+ T cells
879,GTCGGGTTCGTCGTTC-1,3,CD4+ T cells
880,GTCGTAAAGTACGTTC-1,1,CD8+ T cells
881,GTCGTAAGTTGGTAAA-1,3,CD4+ T cells
882,GTCTCGTAGAAGGTTT-1,3,CD4+ T cells
883,GTCTCGTAGGCAGTCA-1,6,NK cells
884,GTCTTCGCAGGAATGC-1,1,CD8+ T cells
885,GTCTTCGGTAGAGCTG-1,6,NK cells
886,GTCTTCGGTAGGAGTC-1,3,CD4+ T cells
887,GTCTTCGTCGTGGTCG-1,2,B cells
888,GTGAAGGAGAGCTATA-1,6,NK cells
889,GTGAAGGAGTGGAGTC-1,1,CD8+ T cells
890,GTGAAGGGTTACAGAA-1,1,CD8+ T cells
891,GTGCAGCTCACTTCAT-1,3,CD4+ T cells
892,GTGCAGCTCGTAGATC-1,3,CD4+ T cells
893,GTGCATAAGAATTCCC-1,1,CD8+ T cells
894,GTGCATATCAAAGTAG-1,3,CD4+ T cells
895,GTGCTTCCACAAGCCC-1,3,CD4+ T cells
896,GTGCTTCGTGGCGAAT-1,5,CD14+ monocytes
897,GTGCTTCTCATAACCG-1,3,CD4+ T cells
898,GTGGGTCGTAAATGTG-1,3,CD4+ T cells
899,GTGGGTCTCACCTTAT-1,3,CD4+ T cells
900,GTGGGTCTCAGATAAG-1,1,CD8+ T cells
901,GTGTGCGCAAGGTTTC-1,5,CD14+ monocytes
902,GTGTGCGCAGTTCATG-1,2,B cells
903,GTGTGCGCATGGGACA-1,3,CD4+ T cells
904,GTGTGCGCATGGTAGG-1,6,NK cells
905,GTGTGCGGTAGGAGTC-1,3,CD4+ T cells
906,GTGTGCGGTGACGGTA-1,6,NK cells
907,GTGTGCGTCACAAACC-1,3,CD4+ T cells
908,GTGTGCGTCTTCATGT-1,6,NK cells
909,GTGTTAGAGAGTGAGA-1,6,NK cells
910,GTGTTAGAGATAGTCA-1,3,CD4+ T cells
911,GTGTTAGAGGATGTAT-1,5,CD14+ monocytes
912,GTGTTAGTCTACCTGC-1,3,CD4+ T cells
913,GTTAAGCTCGTAGGTT-1,6,NK cells
914,GTTCATTAGTGTACGG-1,3,CD4+ T cells
915,GTTCATTGTAGAAGGA-1,1,CD8+ T cells
916,GTTCGGGCAACGATCT-1,3,CD4+ T cells
917,GTTCGGGTCATTCACT-1,3,CD4+ T cells
918,GTTCTCGCAGGATCGA-1,3,CD4+ T cells
919,GTTCTCGGTGTGACCC-1,3,CD4+ T cells
920,GTTCTCGTCCTTCAAT-1,3,CD4+ T cells
921,GTTCTCGTCGTTACGA-1,1,CD8+ T cells
922,GTTTCTAAGCCAACAG-1,3,CD4+ T cells
923,GTTTCTAGTCTCTCTG-1,6,NK cells
924,GTTTCTATCACGCATA-1,6,NK cells
925,TAAACCGCAACGCACC-1,3,CD4+ T cells
926,TAAACCGCACGGATAG-1,6,NK cells
927,TAAACCGGTATAGGGC-1,3,CD4+ T cells
928,TAAGAGAAGAATTGTG-1,1,CD8+ T cells
929,TAAGAGACAGGGATTG-1,1,CD8+ T cells
930,TAAGAGAGTTCCAACA-1,2,B cells
931,TAAGAGATCGGCCGAT-1,3,CD4+ T cells
932,TAAGCGTCAACTGCGC-1,5,CD14+ monocytes
933,TAAGCGTTCGGCGCAT-1,3,CD4+ T cells
934,TACACGAGTCGGCATC-1,3,CD4+ T cells
935,TACAGTGAGCGGATCA-1,6,NK cells
936,TACAGTGCACGACTCG-1,1,CD8+ T cells
937,TACAGTGGTAGGCTGA-1,3,CD4+ T cells
938,TACAGTGGTATCGCAT-1,6,NK cells
939,TACAGTGTCAACGCTA-1,5,CD14+ monocytes
940,TACCTATAGCTAAGAT-1,6,NK cells
941,TACCTATCAGGGTATG-1,6,NK cells
942,TACCTATCATAGAAAC-1,1,CD8+ T cells
943,TACCTATGTTCGAATC-1,1,CD8+ T cells
944,TACCTATTCCATGAGT-1,3,CD4+ T cells
945,TACCTATTCTTGCATT-1,1,CD8+ T cells
946,TACCTTACAGACAAGC-1,3,CD4+ T cells
947,TACCTTATCTCTGAGA-1,1,CD8+ T cells
948,TACGGATCAGACGCTC-1,6,NK cells
949,TACGGGCTCAATCACG-1,3,CD4+ T cells
950,TACGGTAAGAGGGATA-1,6,NK cells
951,TACGGTACACAACGCC-1,3,CD4+ T cells
952,TACGGTAGTATCGCAT-1,6,NK cells
953,TACGGTAGTTACTGAC-1,6,NK cells
954,TACTCATAGGCCATAG-1,3,CD4+ T cells
955,TACTCATAGTCGCCGT-1,3,CD4+ T cells
956,TACTCGCGTAGCACGA-1,3,CD4+ T cells
957,TACTCGCTCAGTTGAC-1,2,B cells
958,TACTTACGTATGAATG-1,3,CD4+ T cells
959,TACTTACTCCCAACGG-1,5,CD14+ monocytes
960,TACTTGTAGACCGGAT-1,3,CD4+ T cells
961,TACTTGTCAATCTGCA-1,6,NK cells
962,TACTTGTGTAGCAAAT-1,3,CD4+ T cells
963,TACTTGTGTCCCGACA-1,6,NK cells
964,TACTTGTTCTTACCTA-1,3,CD4+ T cells
965,TAGACCAAGATCCCGC-1,6,NK cells
966,TAGACCACATTTGCCC-1,6,NK cells
967,TAGACCAGTCCGACGT-1,3,CD4+ T cells
968,TAGACCATCATAACCG-1,3,CD4+ T cells
969,TAGACCATCTGCTGCT-1,3,CD4+ T cells
970,TAGAGCTAGCCGATTT-1,2,B cells
971,TAGAGCTGTATGAAAC-1,6,NK cells
972,TAGAGCTGTGTTGAGG-1,3,CD4+ T cells
973,TAGGCATAGTCATGCT-1,3,CD4+ T cells
974,TAGGCATGTGCAACTT-1,3,CD4+ T cells
975,TAGGCATGTGCATCTA-1,1,CD8+ T cells
976,TAGGCATTCCGGGTGT-1,3,CD4+ T cells
977,TAGTGGTAGAAGGGTA-1,3,CD4+ T cells
978,TAGTGGTAGCATGGCA-1,1,CD8+ T cells
979,TAGTGGTCAGATCCAT-1,5,CD14+ monocytes
980,TAGTTGGAGACGACGT-1,5,CD14+ monocytes
981,TATCAGGAGTCACGCC-1,3,CD4+ T cells
982,TATCAGGCATCGACGC-1,2,B cells
983,TATCTCATCTACTCAT-1,3,CD4+ T cells
984,TATGCCCAGCAGCGTA-1,1,CD8+ T cells
985,TATGCCCAGGCCCGTT-1,6,NK cells
986,TATGCCCGTACAGTTC-1,1,CD8+ T cells
987,TATGCCCGTCGCGGTT-1,3,CD4+ T cells
988,TATGCCCTCTAGCACA-1,1,CD8+ T cells
989,TATTACCAGGGAAACA-1,1,CD8+ T cells
990,TATTACCGTCCCGACA-1,1,CD8+ T cells
991,TATTACCTCCTATTCA-1,3,CD4+ T cells
992,TCAATCTAGTTAAGTG-1,3,CD4+ T cells
993,TCAATCTCAGACTCGC-1,3,CD4+ T cells
994,TCAATCTTCAAACAAG-1,7,CD16+ monocytes
995,TCAATCTTCTCGATGA-1,5,CD14+ monocytes
996,TCACAAGAGCGATCCC-1,1,CD8+ T cells
997,TCACGAAAGGGATCTG-1,6,NK cells
998,TCACGAAGTCTAGCGC-1,2,B cells
999,TCAGATGAGGCATTGG-1,3,CD4+ T cells
1000,TCAGCAAAGCGACGTA-1,1,CD8+ T cells
1001,TCAGCTCGTACACCGC-1,5,CD14+ monocytes
1002,TCAGGATTCGCTTAGA-1,3,CD4+ T cells
1003,TCAGGTACAATAGAGT-1,3,CD4+ T cells
1004,TCAGGTACACCAACCG-1,3,CD4+ T cells
1005,TCAGGTACACCGAAAG-1,6,NK cells
1006,TCAGGTAGTCACCCAG-1,1,CD8+ T cells
1007,TCAGGTAGTGCCTGTG-1,3,CD4+ T cells
1008,TCAGGTAGTTATGCGT-1,1,CD8+ T cells
1009,TCATTACAGACCACGA-1,3,CD4+ T cells
1010,TCATTACAGCGTAGTG-1,6,NK cells
1011,TCATTACCATACGCTA-1,3,CD4+ T cells
1012,TCATTACCATTGGGCC-1,6,NK cells
1013,TCATTACTCAGGCAAG-1,3,CD4+ T cells
1014,TCATTTGAGTAACCCT-1,6,NK cells
1015,TCCACACTCTCTTGAT-1,6,NK cells
1016,TCCCGATAGGTCGGAT-1,5,CD14+ monocytes
1017,TCCCGATAGTCCCACG-1,1,CD8+ T cells
1018,TCCCGATCACAGACAG-1,3,CD4+ T cells
1019,TCCCGATTCCGAAGAG-1,3,CD4+ T cells
1020,TCCCGATTCGTTTATC-1,3,CD4+ T cells
1021,TCGAGGCAGAAGGACA-1,3,CD4+ T cells
1022,TCGAGGCCACGACTCG-1,6,NK cells
1023,TCGAGGCCACTGTGTA-1,6,NK cells
1024,TCGAGGCCAGATCCAT-1,1,CD8+ T cells
1025,TCGCGAGAGTCAAGCG-1,5,CD14+ monocytes
1026,TCGCGAGGTAAATGTG-1,1,CD8+ T cells
1027,TCGCGAGTCCTGTACC-1,3,CD4+ T cells
1028,TCGCGTTTCGTGGACC-1,3,CD4+ T cells
1029,TCGCGTTTCTTGTATC-1,3,CD4+ T cells
1030,TCGGGACAGAGACGAA-1,6,NK cells
1031,TCGGGACCATCTCGCT-1,5,CD14+ monocytes
1032,TCGGTAACAGCGTTCG-1,6,NK cells
1033,TCGGTAAGTTATTCTC-1,3,CD4+ T cells
1034,TCGGTAATCACCGTAA-1,3,CD4+ T cells
1035,TCGGTAATCAGCATGT-1,6,NK cells
1036,TCGGTAATCATGGTCA-1,3,CD4+ T cells
1037,TCGGTAATCGCCGTGA-1,3,CD4+ T cells
1038,TCGTACCCACGGACAA-1,5,CD14+ monocytes
1039,TCGTAGAAGGACCACA-1,6,NK cells
1040,TCGTAGAGTGTTTGTG-1,3,CD4+ T cells
1041,TCTATTGAGAGTCGGT-1,3,CD4+ T cells
1042,TCTATTGGTATTAGCC-1,3,CD4+ T cells
1043,TCTATTGTCTCCCTGA-1,1,CD8+ T cells
1044,TCTCATACATGGTAGG-1,3,CD4+ T cells
1045,TCTCATACATTAACCG-1,1,CD8+ T cells
1046,TCTCATACATTCTCAT-1,1,CD8+ T cells
1047,TCTCATAGTGTTCGAT-1,3,CD4+ T cells
1048,TCTCATATCTAAGCCA-1,3,CD4+ T cells
1049,TCTCTAACAGATCGGA-1,3,CD4+ T cells
1050,TCTGAGACAAGTCATC-1,3,CD4+ T cells
1051,TCTGAGAGTTACGACT-1,3,CD4+ T cells
1052,TCTGGAACAGGATCGA-1,6,NK cells
1053,TCTGGAAGTATCGCAT-1,3,CD4+ T cells
1054,TCTGGAAGTGTTGAGG-1,6,NK cells
1055,TCTTTCCCAATCGAAA-1,5,CD14+ monocytes
1056,TCTTTCCTCAAACAAG-1,2,B cells
1057,TCTTTCCTCACCCGAG-1,6,NK cells
1058,TCTTTCCTCGGTGTTA-1,1,CD8+ T cells
1059,TCTTTCCTCTCAACTT-1,2,B cells
1060,TGAAAGAAGGACACCA-1,3,CD4+ T cells
1061,TGAAAGAGTTCCACGG-1,3,CD4+ T cells
1062,TGAAAGATCAGAGACG-1,3,CD4+ T cells
1063,TGAAAGATCAGTTGAC-1,3,CD4+ T cells
1064,TGACAACCAAGCTGGA-1,1,CD8+ T cells
1065,TGACAACCACAAGCCC-1,6,NK cells
1066,TGACGGCAGAATAGGG-1,3,CD4+ T cells
1067,TGACGGCTCAATCACG-1,3,CD4+ T cells
1068,TGACTAGCATCACGAT-1,6,NK cells
1069,TGACTAGTCCCTAACC-1,3,CD4+ T cells
1070,TGACTAGTCTCGCTTG-1,6,NK cells
1071,TGACTAGTCTTACCTA-1,6,NK cells
1072,TGACTTTTCATGTGGT-1,5,CD14+ monocytes
1073,TGACTTTTCCACTCCA-1,6,NK cells
1074,TGAGAGGCACGTAAGG-1,2,B cells
1075,TGAGAGGCATGCTAGT-1,3,CD4+ T cells
1076,TGAGCATAGGAGTCTG-1,3,CD4+ T cells
1077,TGAGCATAGGCACATG-1,3,CD4+ T cells
1078,TGAGCCGCAACACCCG-1,3,CD4+ T cells
1079,TGAGCCGGTCTCTCGT-1,3,CD4+ T cells
1080,TGAGCCGTCTGAGTGT-1,2,B cells
1081,TGAGGGACACCAGTTA-1,6,NK cells
1082,TGAGGGAGTGTCGCTG-1,2,B cells
1083,TGAGGGATCCATGAAC-1,5,CD14+ monocytes
1084,TGATTTCTCGGTTAAC-1,2,B cells
1085,TGCACCTAGACACTAA-1,6,NK cells
1086,TGCACCTAGCAGACTG-1,3,CD4+ T cells
1087,TGCACCTAGCGTAATA-1,1,CD8+ T cells
1088,TGCACCTAGCTCCTCT-1,2,B cells
1089,TGCACCTCAAAGAATC-1,3,CD4+ T cells
1090,TGCACCTTCAACCAAC-1,3,CD4+ T cells
1091,TGCACCTTCCACTCCA-1,3,CD4+ T cells
1092,TGCACCTTCCTCGCAT-1,6,NK cells
1093,TGCACCTTCTGCTGTC-1,5,CD14+ monocytes
1094,TGCCAAATCCCTTGCA-1,6,NK cells
1095,TGCCCATCACGGTTTA-1,3,CD4+ T cells
1096,TGCCCATCAGCGTCCA-1,1,CD8+ T cells
1097,TGCCCATGTATTCTCT-1,1,CD8+ T cells
1098,TGCCCTATCACTCCTG-1,3,CD4+ T cells
1099,TGCGCAGAGAATTGTG-1,3,CD4+ T cells
1100,TGCGCAGAGTATCTCG-1,6,NK cells
1101,TGCGCAGAGTGACTCT-1,3,CD4+ T cells
1102,TGCGCAGTCAGCGACC-1,1,CD8+ T cells
1103,TGCGTGGCACTGTCGG-1,1,CD8+ T cells
1104,TGCGTGGTCCGAAGAG-1,3,CD4+ T cells
1105,TGCTACCCACGCCAGT-1,1,CD8+ T cells
1106,TGCTACCCAGGGTTAG-1,5,CD14+ monocytes
1107,TGGACGCCATATACCG-1,6,NK cells
1108,TGGCCAGCAGGGAGAG-1,1,CD8+ T cells
1109,TGGCCAGTCTAACGGT-1,6,NK cells
1110,TGGCTGGCACGAAATA-1,3,CD4+ T cells
1111,TGGCTGGGTAAACCTC-1,3,CD4+ T cells
1112,TGGGAAGAGTGAAGAG-1,3,CD4+ T cells
1113,TGGGAAGCAGGCTGAA-1,6,NK cells
1114,TGGGCGTTCTACTATC-1,2,B cells
1115,TGGTTAGGTCTTGATG-1,3,CD4+ T cells
1116,TGGTTCCAGGCAAAGA-1,6,NK cells
1117,TGGTTCCCATTACCTT-1,3,CD4+ T cells
1118,TGGTTCCGTCTCTTAT-1,1,CD8+ T cells
1119,TGGTTCCTCAACCATG-1,6,NK cells
1120,TGTATTCGTCGATTGT-1,2,B cells
1121,TGTCCCAAGATGTCGG-1,3,CD4+ T cells
1122,TGTCCCACATGGTTGT-1,3,CD4+ T cells
1123,TGTCCCAGTAAAGTCA-1,5,CD14+ monocytes
1124,TGTCCCAGTTGGTTTG-1,1,CD8+ T cells
1125,TGTCCCAGTTTCCACC-1,3,CD4+ T cells
1126,TGTGGTAGTCGGCACT-1,3,CD4+ T cells
1127,TGTGTTTCAAAGCAAT-1,3,CD4+ T cells
1128,TGTGTTTCACAGGCCT-1,1,CD8+ T cells
1129,TGTTCCGCAACGATGG-1,3,CD4+ T cells
1130,TGTTCCGCAGCTCGAC-1,3,CD4+ T cells
1131,TGTTCCGCATTGGGCC-1,3,CD4+ T cells
1132,TGTTCCGGTACCATCA-1,3,CD4+ T cells
1133,TTAACTCAGCAGCGTA-1,3,CD4+ T cells
1134,TTAACTCAGGGTTTCT-1,1,CD8+ T cells
1135,TTAACTCAGTGAAGAG-1,3,CD4+ T cells
1136,TTAACTCTCATGCAAC-1,1,CD8+ T cells
1137,TTAACTCTCGTAGGTT-1,1,CD8+ T cells
1138,TTAACTCTCTGGTATG-1,3,CD4+ T cells
1139,TTAGGCAAGAGCTTCT-1,3,CD4+ T cells
1140,TTAGGCAGTCTGATTG-1,3,CD4+ T cells
1141,TTAGTTCTCCTCGCAT-1,3,CD4+ T cells
1142,TTAGTTCTCGTCCGTT-1,3,CD4+ T cells
1143,TTCCCAGGTCTCCACT-1,6,NK cells
1144,TTCGAAGGTACAGACG-1,6,NK cells
1145,TTCGGTCGTATCACCA-1,2,B cells
1146,TTCTACAAGAAGGGTA-1,5,CD14+ monocytes
1147,TTCTACAAGTGAAGTT-1,3,CD4+ T cells
1148,TTCTACATCTGAAAGA-1,3,CD4+ T cells
1149,TTCTCAAAGACGACGT-1,3,CD4+ T cells
1150,TTCTCAAGTCGCGGTT-1,3,CD4+ T cells
1151,TTCTCCTGTATCAGTC-1,1,CD8+ T cells
1152,TTCTTAGGTACTCGCG-1,3,CD4+ T cells
1153,TTGAACGCAGGTTTCA-1,1,CD8+ T cells
1154,TTGAACGGTCCGAAGA-1,1,CD8+ T cells
1155,TTGAACGGTGGGTATG-1,2,B cells
1156,TTGAACGTCGTACCGG-1,3,CD4+ T cells
1157,TTGACTTAGACTGTAA-1,1,CD8+ T cells
1158,TTGACTTAGAGTACCG-1,3,CD4+ T cells
1159,TTGACTTCAGCTGTTA-1,3,CD4+ T cells
1160,TTGACTTTCAGGTTCA-1,3,CD4+ T cells
1161,TTGACTTTCATTCACT-1,3,CD4+ T cells
1162,TTGCCGTCAAGTACCT-1,6,NK cells
1163,TTGCCGTGTATGCTTG-1,1,CD8+ T cells
1164,TTGCGTCTCACTCCTG-1,6,NK cells
1165,TTGGCAACAGGAATGC-1,6,NK cells
1166,TTGTAGGAGGAGTACC-1,3,CD4+ T cells
1167,TTGTAGGCATGCCTTC-1,2,B cells
1168,TTGTAGGTCTACTATC-1,1,CD8+ T cells
1169,TTGTAGGTCTGATTCT-1,3,CD4+ T cells
1170,TTTATGCCATCTCGCT-1,6,NK cells
1171,TTTATGCGTAACGCGA-1,3,CD4+ T cells
1172,TTTATGCTCTATGTGG-1,3,CD4+ T cells
1173,TTTCCTCCACACATGT-1,3,CD4+ T cells
1174,TTTGCGCGTCGTCTTC-1,3,CD4+ T cells
1175,TTTGCGCTCTTCCTTC-1,3,CD4+ T cells
1176,TTTGGTTCAACTGGCC-1,2,B cells
1177,TTTGGTTCACCATGTA-1,5,CD14+ monocytes
1178,TTTGGTTTCCACGCAG-1,3,CD4+ T cells
1179,TTTGTCAAGAAACCTA-1,1,CD8+ T cells
1180,TTTGTCACATGAGCGA-1,3,CD4+ T cells
1181,TTTGTCATCATGTCTT-1,1,CD8+ T cells
